{
  "bundleId" : "io.gechr.WhichSpace",
  "displaySpacePreferences" : {
    "37D8832A-2D66-02CA-B9F7-8F30A301B230" : {
      "colors" : {
        "1" : {
          "background" : {
            "alpha" : 1,
            "blue" : 0.29411764705882354,
            "green" : 0.8431372549019608,
            "red" : 0.19607843137254902
          },
          "foreground" : {
            "alpha" : 1,
            "blue" : 0.29411764705882354,
            "green" : 0.8431372549019608,
            "red" : 0.19607843137254902
          }
        },
        "2" : {
          "background" : {
            "alpha" : 1,
            "blue" : 0.7523762583732605,
            "green" : 0.7523762583732605,
            "red" : 0.7523762583732605
          },
          "foreground" : {
            "alpha" : 1,
            "blue" : 0.0392156862745098,
            "green" : 0.6235294117647059,
            "red" : 1
          }
        },
        "3" : {
          "background" : {
            "alpha" : 1,
            "blue" : 0.6655194759368896,
            "green" : 0.6545665264129639,
            "red" : 0.5326949954032898
          },
          "foreground" : {
            "alpha" : 1,
            "blue" : 0.4257286787033081,
            "green" : 0.38649022579193115,
            "red" : 0.018936986103653908
          }
        }
      },
      "skinTones" : {
        "2" : 0
      },
      "symbols" : {
        "1" : "house.fill",
        "2" : "network",
        "3" : "flask.fill"
      }
    }
  },
  "settings" : {
    "clickToSwitchSpaces" : false,
    "dimInactiveSpaces" : true,
    "hideEmptySpaces" : false,
    "hideFullscreenApps" : false,
    "hideSingleSpace" : false,
    "launchAtLogin" : true,
    "localSpaceNumbers" : false,
    "showAllDisplays" : false,
    "showAllSpaces" : false,
    "sizeScale" : 100,
    "soundName" : "",
    "uniqueIconsPerDisplay" : true
  },
  "version" : "0.14.1"
}